se_type,location_code,language_code,total_count,items_count,target,metric_type,year,month,etv,count
google,2840,en,19,19,ek.co,organic,2024,12,974.9929189868271,1039
google,2840,en,19,19,ek.co,organic,2024,11,1048.9906620383263,988
google,2840,en,19,19,ek.co,organic,2024,10,1033.8234754055738,917
google,2840,en,19,19,ek.co,organic,2024,9,1058.5604730341583,922
google,2840,en,19,19,ek.co,organic,2024,8,966.3341014869511,941
google,2840,en,19,19,ek.co,organic,2024,7,1137.5403292831033,915
google,2840,en,19,19,ek.co,organic,2024,6,871.2489387709647,804
google,2840,en,19,19,ek.co,organic,2024,5,1082.9563399273902,763
google,2840,en,19,19,ek.co,organic,2024,4,986.6101385653019,771
google,2840,en,19,19,ek.co,organic,2024,3,631.0364282019436,707
google,2840,en,19,19,ek.co,organic,2024,2,880.8461318444461,706
google,2840,en,19,19,ek.co,organic,2024,1,832.4454135168344,672
google,2840,en,19,19,ek.co,organic,2023,12,621.6962861940265,737
google,2840,en,19,19,ek.co,organic,2023,11,918.8637278098613,741
google,2840,en,19,19,ek.co,organic,2023,10,949.5887289922684,723
google,2840,en,19,19,ek.co,organic,2023,9,642.2341191805899,717
google,2840,en,19,19,ek.co,organic,2023,8,416.04521294124424,676
google,2840,en,19,19,ek.co,organic,2023,7,458.5304915141314,662
google,2840,en,19,19,ek.co,organic,2023,6,469.6460444983095,647
google,2840,en,19,19,ek.co,organic,2023,5,407.26926999539137,632
google,2840,en,19,19,ek.co,organic,2023,4,554.7957642581314,653
google,2840,en,19,19,ek.co,organic,2023,3,451.0934286583215,719
google,2840,en,19,19,ek.co,organic,2023,2,649.9257761407644,736
google,2840,en,19,19,ek.co,organic,2023,1,470.2976291626692,665
google,2840,en,19,19,ek.co,organic,2022,12,472.39287164621055,756
google,2840,en,19,19,ek.co,paid,2024,12,0.0,0
google,2840,en,19,19,ek.co,paid,2024,11,0.0,0
google,2840,en,19,19,ek.co,paid,2024,10,0.0,0
google,2840,en,19,19,ek.co,paid,2024,9,0.0,0
google,2840,en,19,19,ek.co,paid,2024,8,0.0,0
google,2840,en,19,19,ek.co,paid,2024,7,0.0,0
google,2840,en,19,19,ek.co,paid,2024,6,0.0,0
google,2840,en,19,19,ek.co,paid,2024,5,0.0,0
google,2840,en,19,19,ek.co,paid,2024,4,0.0,0
google,2840,en,19,19,ek.co,paid,2024,3,0.0,0
google,2840,en,19,19,ek.co,paid,2024,2,0.0,0
google,2840,en,19,19,ek.co,paid,2024,1,0.0,0
google,2840,en,19,19,ek.co,paid,2023,12,0.0,0
google,2840,en,19,19,ek.co,paid,2023,11,0.0,0
google,2840,en,19,19,ek.co,paid,2023,10,0.0,0
google,2840,en,19,19,ek.co,paid,2023,9,0.0,0
google,2840,en,19,19,ek.co,paid,2023,8,0.0,0
google,2840,en,19,19,ek.co,paid,2023,7,0.0,0
google,2840,en,19,19,ek.co,paid,2023,6,6.880000114440918,1
google,2840,en,19,19,ek.co,paid,2023,5,0.0,0
google,2840,en,19,19,ek.co,paid,2023,4,0.0,0
google,2840,en,19,19,ek.co,paid,2023,3,0.0,0
google,2840,en,19,19,ek.co,paid,2023,2,0.0,0
google,2840,en,19,19,ek.co,paid,2023,1,0.0,0
google,2840,en,19,19,ek.co,paid,2022,12,0.0,0
google,2840,en,19,19,coalfire.com,organic,2024,12,20726.054761070758,2387
google,2840,en,19,19,coalfire.com,organic,2024,11,19021.200548620895,2393
google,2840,en,19,19,coalfire.com,organic,2024,10,17018.897787157446,2351
google,2840,en,19,19,coalfire.com,organic,2024,9,16900.598486186936,2266
google,2840,en,19,19,coalfire.com,organic,2024,8,13041.823816593736,2108
google,2840,en,19,19,coalfire.com,organic,2024,7,15262.542585561052,2232
google,2840,en,19,19,coalfire.com,organic,2024,6,15287.451218757778,2447
google,2840,en,19,19,coalfire.com,organic,2024,5,16511.346552284434,2494
google,2840,en,19,19,coalfire.com,organic,2024,4,19776.650005353615,2705
google,2840,en,19,19,coalfire.com,organic,2024,3,18750.79660578817,3120
google,2840,en,19,19,coalfire.com,organic,2024,2,17215.987492587417,3196
google,2840,en,19,19,coalfire.com,organic,2024,1,16791.929742958397,3498
google,2840,en,19,19,coalfire.com,organic,2023,12,17026.128023460507,3640
google,2840,en,19,19,coalfire.com,organic,2023,11,16498.052680058405,3779
google,2840,en,19,19,coalfire.com,organic,2023,10,16697.837739005685,4414
google,2840,en,19,19,coalfire.com,organic,2023,9,16555.274131601676,4914
google,2840,en,19,19,coalfire.com,organic,2023,8,43384.11196277477,4846
google,2840,en,19,19,coalfire.com,organic,2023,7,43538.00381395593,4945
google,2840,en,19,19,coalfire.com,organic,2023,6,36523.5163521003,5030
google,2840,en,19,19,coalfire.com,organic,2023,5,31551.31998303905,4794
google,2840,en,19,19,coalfire.com,organic,2023,4,51105.41289766505,5173
google,2840,en,19,19,coalfire.com,organic,2023,3,21853.434893693775,6063
google,2840,en,19,19,coalfire.com,organic,2023,2,36719.641486695036,6180
google,2840,en,19,19,coalfire.com,organic,2023,1,66468.81004505791,6002
google,2840,en,19,19,coalfire.com,organic,2022,12,52235.221143342555,6371
google,2840,en,19,19,coalfire.com,paid,2024,12,47.05099982023239,7
google,2840,en,19,19,coalfire.com,paid,2024,11,90.87699887156487,10
google,2840,en,19,19,coalfire.com,paid,2024,10,31.381000131368637,15
google,2840,en,19,19,coalfire.com,paid,2024,9,69.84700021147728,19
google,2840,en,19,19,coalfire.com,paid,2024,8,172.51300072669983,36
google,2840,en,19,19,coalfire.com,paid,2024,7,790.0570053160191,146
google,2840,en,19,19,coalfire.com,paid,2024,6,229.76999980211258,46
google,2840,en,19,19,coalfire.com,paid,2024,5,327.54999977350235,59
google,2840,en,19,19,coalfire.com,paid,2024,4,653.842000991106,66
google,2840,en,19,19,coalfire.com,paid,2024,3,220.86100101470947,71
google,2840,en,19,19,coalfire.com,paid,2024,2,95.94000136852264,28
google,2840,en,19,19,coalfire.com,paid,2024,1,2.8439998626708984,1
google,2840,en,19,19,coalfire.com,paid,2023,12,1.0950000286102295,1
google,2840,en,19,19,coalfire.com,paid,2023,11,6.548000246286392,4
google,2840,en,19,19,coalfire.com,paid,2023,10,6.333000272512436,4
google,2840,en,19,19,coalfire.com,paid,2023,9,246.10999861359596,6
google,2840,en,19,19,coalfire.com,paid,2023,8,20.61899995803833,5
google,2840,en,19,19,coalfire.com,paid,2023,7,23.46299982070923,7
google,2840,en,19,19,coalfire.com,paid,2023,6,15.620999813079834,6
google,2840,en,19,19,coalfire.com,paid,2023,5,18.674999833106995,7
google,2840,en,19,19,coalfire.com,paid,2023,4,14.15399968624115,6
google,2840,en,19,19,coalfire.com,paid,2023,3,111.41800111532211,24
google,2840,en,19,19,coalfire.com,paid,2023,2,2984.59804970026,23
google,2840,en,19,19,coalfire.com,paid,2023,1,150.80100178718567,24
google,2840,en,19,19,coalfire.com,paid,2022,12,901.8869932591915,52
google,2840,en,19,19,dionach.com,organic,2024,12,858.5306420084089,1185
google,2840,en,19,19,dionach.com,organic,2024,11,985.7841827869415,1277
google,2840,en,19,19,dionach.com,organic,2024,10,913.3510842155665,1215
google,2840,en,19,19,dionach.com,organic,2024,9,890.2957244552672,1162
google,2840,en,19,19,dionach.com,organic,2024,8,925.1677717436105,1111
google,2840,en,19,19,dionach.com,organic,2024,7,993.0477198809385,1157
google,2840,en,19,19,dionach.com,organic,2024,6,833.7312223725021,975
google,2840,en,19,19,dionach.com,organic,2024,5,591.2851446010172,923
google,2840,en,19,19,dionach.com,organic,2024,4,509.9014224410057,929
google,2840,en,19,19,dionach.com,organic,2024,3,505.4838424064219,890
google,2840,en,19,19,dionach.com,organic,2024,2,516.3887810111046,861
google,2840,en,19,19,dionach.com,organic,2024,1,325.6920195147395,603
google,2840,en,19,19,dionach.com,organic,2023,12,327.9204805381596,660
google,2840,en,19,19,dionach.com,organic,2023,11,402.26636167243123,720
google,2840,en,19,19,dionach.com,organic,2023,10,342.5844618808478,746
google,2840,en,19,19,dionach.com,organic,2023,9,331.09258154965937,753
google,2840,en,19,19,dionach.com,organic,2023,8,400.5862803645432,742
google,2840,en,19,19,dionach.com,organic,2023,7,418.13036109507084,768
google,2840,en,19,19,dionach.com,organic,2023,6,661.8494829460979,820
google,2840,en,19,19,dionach.com,organic,2023,5,670.3077424820513,792
google,2840,en,19,19,dionach.com,organic,2023,4,378.9482827875763,801
google,2840,en,19,19,dionach.com,organic,2023,3,623.7135197799653,894
google,2840,en,19,19,dionach.com,organic,2023,2,466.58629873022437,934
google,2840,en,19,19,dionach.com,organic,2023,1,367.0345194414258,893
google,2840,en,19,19,dionach.com,organic,2022,12,691.6989912353456,1041
google,2840,en,19,19,dionach.com,paid,2024,12,0.0,0
google,2840,en,19,19,dionach.com,paid,2024,11,0.0,0
google,2840,en,19,19,dionach.com,paid,2024,10,0.0,0
google,2840,en,19,19,dionach.com,paid,2024,9,0.0,0
google,2840,en,19,19,dionach.com,paid,2024,8,0.0,0
google,2840,en,19,19,dionach.com,paid,2024,7,0.0,0
google,2840,en,19,19,dionach.com,paid,2024,6,0.0,0
google,2840,en,19,19,dionach.com,paid,2024,5,0.0,0
google,2840,en,19,19,dionach.com,paid,2024,4,0.0,0
google,2840,en,19,19,dionach.com,paid,2024,3,0.0,0
google,2840,en,19,19,dionach.com,paid,2024,2,0.0,0
google,2840,en,19,19,dionach.com,paid,2024,1,0.0,0
google,2840,en,19,19,dionach.com,paid,2023,12,0.0,0
google,2840,en,19,19,dionach.com,paid,2023,11,0.0,0
google,2840,en,19,19,dionach.com,paid,2023,10,0.0,0
google,2840,en,19,19,dionach.com,paid,2023,9,0.0,0
google,2840,en,19,19,dionach.com,paid,2023,8,0.0,0
google,2840,en,19,19,dionach.com,paid,2023,7,0.0,0
google,2840,en,19,19,dionach.com,paid,2023,6,0.0,0
google,2840,en,19,19,dionach.com,paid,2023,5,0.0,0
google,2840,en,19,19,dionach.com,paid,2023,4,0.0,0
google,2840,en,19,19,dionach.com,paid,2023,3,0.0,0
google,2840,en,19,19,dionach.com,paid,2023,2,0.0,0
google,2840,en,19,19,dionach.com,paid,2023,1,0.0,0
google,2840,en,19,19,dionach.com,paid,2022,12,0.0,0
google,2840,en,19,19,coresecurity.com,organic,2024,12,59201.143366402015,7729
google,2840,en,19,19,coresecurity.com,organic,2024,11,71944.30987155437,8153
google,2840,en,19,19,coresecurity.com,organic,2024,10,60162.47887801379,7903
google,2840,en,19,19,coresecurity.com,organic,2024,9,59120.49019218609,7566
google,2840,en,19,19,coresecurity.com,organic,2024,8,46001.35333189368,6702
google,2840,en,19,19,coresecurity.com,organic,2024,7,52732.780947616324,7411
google,2840,en,19,19,coresecurity.com,organic,2024,6,52595.61671910621,7325
google,2840,en,19,19,coresecurity.com,organic,2024,5,41976.68527245894,7106
google,2840,en,19,19,coresecurity.com,organic,2024,4,37887.44221777283,6905
google,2840,en,19,19,coresecurity.com,organic,2024,3,38143.80409313366,7096
google,2840,en,19,19,coresecurity.com,organic,2024,2,40050.05064500123,7070
google,2840,en,19,19,coresecurity.com,organic,2024,1,37978.811008337885,7380
google,2840,en,19,19,coresecurity.com,organic,2023,12,42624.21190624125,7557
google,2840,en,19,19,coresecurity.com,organic,2023,11,39045.168468857184,7783
google,2840,en,19,19,coresecurity.com,organic,2023,10,39098.81829203479,8144
google,2840,en,19,19,coresecurity.com,organic,2023,9,41713.82066565193,8310
google,2840,en,19,19,coresecurity.com,organic,2023,8,34273.42224469595,7779
google,2840,en,19,19,coresecurity.com,organic,2023,7,36123.12988434918,8183
google,2840,en,19,19,coresecurity.com,organic,2023,6,40170.96077941544,7940
google,2840,en,19,19,coresecurity.com,organic,2023,5,38721.55667514354,8169
google,2840,en,19,19,coresecurity.com,organic,2023,4,76585.70877318643,8508
google,2840,en,19,19,coresecurity.com,organic,2023,3,34000.71346003935,8926
google,2840,en,19,19,coresecurity.com,organic,2023,2,41817.24229774065,9654
google,2840,en,19,19,coresecurity.com,organic,2023,1,27458.406722398475,8624
google,2840,en,19,19,coresecurity.com,organic,2022,12,27450.80084588565,9466
google,2840,en,19,19,coresecurity.com,paid,2024,12,36.72999995946884,6
google,2840,en,19,19,coresecurity.com,paid,2024,11,14.059999763965607,7
google,2840,en,19,19,coresecurity.com,paid,2024,10,31.938000679016113,4
google,2840,en,19,19,coresecurity.com,paid,2024,9,29.676000595092773,3
google,2840,en,19,19,coresecurity.com,paid,2024,8,116.96799722313881,10
google,2840,en,19,19,coresecurity.com,paid,2024,7,181.89000162482262,26
google,2840,en,19,19,coresecurity.com,paid,2024,6,121.52800238132477,17
google,2840,en,19,19,coresecurity.com,paid,2024,5,142.88400107622147,18
google,2840,en,19,19,coresecurity.com,paid,2024,4,456.8710030913353,25
google,2840,en,19,19,coresecurity.com,paid,2024,3,24.963000178337097,12
google,2840,en,19,19,coresecurity.com,paid,2024,2,6.42300009727478,2
google,2840,en,19,19,coresecurity.com,paid,2024,1,0.6449999809265137,1
google,2840,en,19,19,coresecurity.com,paid,2023,12,0.0,0
google,2840,en,19,19,coresecurity.com,paid,2023,11,0.0,0
google,2840,en,19,19,coresecurity.com,paid,2023,10,0.0,0
google,2840,en,19,19,coresecurity.com,paid,2023,9,0.0,0
google,2840,en,19,19,coresecurity.com,paid,2023,8,21.899999618530273,1
google,2840,en,19,19,coresecurity.com,paid,2023,7,21.899999618530273,1
google,2840,en,19,19,coresecurity.com,paid,2023,6,3.009999990463257,1
google,2840,en,19,19,coresecurity.com,paid,2023,5,4.9770002365112305,1
google,2840,en,19,19,coresecurity.com,paid,2023,4,5.526000022888184,2
google,2840,en,19,19,coresecurity.com,paid,2023,3,48.15300107002258,4
google,2840,en,19,19,coresecurity.com,paid,2023,2,1288.880945891142,16
google,2840,en,19,19,coresecurity.com,paid,2023,1,326.6589964032173,16
google,2840,en,19,19,coresecurity.com,paid,2022,12,224.27899506688118,27
google,2840,en,19,19,purplesec.us,organic,2024,12,58475.47007178888,12018
google,2840,en,19,19,purplesec.us,organic,2024,11,66338.3572123386,12620
google,2840,en,19,19,purplesec.us,organic,2024,10,69437.09047956392,13146
google,2840,en,19,19,purplesec.us,organic,2024,9,68936.29217986017,13034
google,2840,en,19,19,purplesec.us,organic,2024,8,46865.34720942564,13581
google,2840,en,19,19,purplesec.us,organic,2024,7,46144.43047575839,9618
google,2840,en,19,19,purplesec.us,organic,2024,6,48093.319599758834,10413
google,2840,en,19,19,purplesec.us,organic,2024,5,47323.17936202511,10447
google,2840,en,19,19,purplesec.us,organic,2024,4,45063.685446878895,10378
google,2840,en,19,19,purplesec.us,organic,2024,3,45779.96879726648,10560
google,2840,en,19,19,purplesec.us,organic,2024,2,43979.24700500257,10700
google,2840,en,19,19,purplesec.us,organic,2024,1,52255.32444359176,10938
google,2840,en,19,19,purplesec.us,organic,2023,12,54810.84385232255,11507
google,2840,en,19,19,purplesec.us,organic,2023,11,56221.31095320918,12036
google,2840,en,19,19,purplesec.us,organic,2023,10,52665.136415092275,12416
google,2840,en,19,19,purplesec.us,organic,2023,9,54951.624175373465,13160
google,2840,en,19,19,purplesec.us,organic,2023,8,42992.84426143393,11117
google,2840,en,19,19,purplesec.us,organic,2023,7,56102.32597267069,10635
google,2840,en,19,19,purplesec.us,organic,2023,6,35791.73260405101,10032
google,2840,en,19,19,purplesec.us,organic,2023,5,31678.2393361032,9196
google,2840,en,19,19,purplesec.us,organic,2023,4,34897.642526583746,8920
google,2840,en,19,19,purplesec.us,organic,2023,3,33144.94566624053,9466
google,2840,en,19,19,purplesec.us,organic,2023,2,38109.57124491967,10011
google,2840,en,19,19,purplesec.us,organic,2023,1,33262.3906843774,9455
google,2840,en,19,19,purplesec.us,organic,2022,12,31704.294107129797,10232
google,2840,en,19,19,purplesec.us,paid,2024,12,0.0,0
google,2840,en,19,19,purplesec.us,paid,2024,11,0.0,0
google,2840,en,19,19,purplesec.us,paid,2024,10,0.0,0
google,2840,en,19,19,purplesec.us,paid,2024,9,0.0,0
google,2840,en,19,19,purplesec.us,paid,2024,8,0.0,0
google,2840,en,19,19,purplesec.us,paid,2024,7,0.0,0
google,2840,en,19,19,purplesec.us,paid,2024,6,0.0,0
google,2840,en,19,19,purplesec.us,paid,2024,5,0.0,0
google,2840,en,19,19,purplesec.us,paid,2024,4,0.0,0
google,2840,en,19,19,purplesec.us,paid,2024,3,0.0,0
google,2840,en,19,19,purplesec.us,paid,2024,2,0.0,0
google,2840,en,19,19,purplesec.us,paid,2024,1,0.0,0
google,2840,en,19,19,purplesec.us,paid,2023,12,0.0,0
google,2840,en,19,19,purplesec.us,paid,2023,11,0.0,0
google,2840,en,19,19,purplesec.us,paid,2023,10,0.0,0
google,2840,en,19,19,purplesec.us,paid,2023,9,0.0,0
google,2840,en,19,19,purplesec.us,paid,2023,8,0.0,0
google,2840,en,19,19,purplesec.us,paid,2023,7,0.0,0
google,2840,en,19,19,purplesec.us,paid,2023,6,0.0,0
google,2840,en,19,19,purplesec.us,paid,2023,5,0.0,0
google,2840,en,19,19,purplesec.us,paid,2023,4,0.0,0
google,2840,en,19,19,purplesec.us,paid,2023,3,0.0,0
google,2840,en,19,19,purplesec.us,paid,2023,2,0.0,0
google,2840,en,19,19,purplesec.us,paid,2023,1,0.0,0
google,2840,en,19,19,purplesec.us,paid,2022,12,0.0,0
google,2840,en,19,19,zelvin.com,organic,2024,12,10.508999967947602,28
google,2840,en,19,19,zelvin.com,organic,2024,11,11.501000184565783,26
google,2840,en,19,19,zelvin.com,organic,2024,10,11.196999978274107,28
google,2840,en,19,19,zelvin.com,organic,2024,9,9.9930000603199,28
google,2840,en,19,19,zelvin.com,organic,2024,8,12.035499954596162,29
google,2840,en,19,19,zelvin.com,organic,2024,7,12.604500019922853,27
google,2840,en,19,19,zelvin.com,organic,2024,6,19.86067987419665,33
google,2840,en,19,19,zelvin.com,organic,2024,5,17.491999939084053,32
google,2840,en,19,19,zelvin.com,organic,2024,4,14.977999925613403,29
google,2840,en,19,19,zelvin.com,organic,2024,3,12.003999836742878,27
google,2840,en,19,19,zelvin.com,organic,2024,2,11.720999844372272,28
google,2840,en,19,19,zelvin.com,organic,2024,1,12.707999780774117,27
google,2840,en,19,19,zelvin.com,organic,2023,12,13.967999696731567,28
google,2840,en,19,19,zelvin.com,organic,2023,11,16.80373982526362,28
google,2840,en,19,19,zelvin.com,organic,2023,10,21.276439832523465,29
google,2840,en,19,19,zelvin.com,organic,2023,9,23.24544016085565,31
google,2840,en,19,19,zelvin.com,organic,2023,8,49.99270053207874,26
google,2840,en,19,19,zelvin.com,organic,2023,7,51.23170056194067,26
google,2840,en,19,19,zelvin.com,organic,2023,6,29.68099930137396,32
google,2840,en,19,19,zelvin.com,organic,2023,5,30.208999294787645,26
google,2840,en,19,19,zelvin.com,organic,2023,4,17.497700199484825,17
google,2840,en,19,19,zelvin.com,organic,2023,3,41.07942000776529,26
google,2840,en,19,19,zelvin.com,organic,2023,2,60.676720686256886,31
google,2840,en,19,19,zelvin.com,organic,2023,1,57.7541207075119,26
google,2840,en,19,19,zelvin.com,organic,2022,12,48.048679534345865,27
google,2840,en,19,19,zelvin.com,paid,2024,12,0.0,0
google,2840,en,19,19,zelvin.com,paid,2024,11,0.0,0
google,2840,en,19,19,zelvin.com,paid,2024,10,0.0,0
google,2840,en,19,19,zelvin.com,paid,2024,9,0.0,0
google,2840,en,19,19,zelvin.com,paid,2024,8,0.0,0
google,2840,en,19,19,zelvin.com,paid,2024,7,0.0,0
google,2840,en,19,19,zelvin.com,paid,2024,6,0.0,0
google,2840,en,19,19,zelvin.com,paid,2024,5,0.0,0
google,2840,en,19,19,zelvin.com,paid,2024,4,0.0,0
google,2840,en,19,19,zelvin.com,paid,2024,3,0.0,0
google,2840,en,19,19,zelvin.com,paid,2024,2,0.0,0
google,2840,en,19,19,zelvin.com,paid,2024,1,0.0,0
google,2840,en,19,19,zelvin.com,paid,2023,12,0.0,0
google,2840,en,19,19,zelvin.com,paid,2023,11,0.0,0
google,2840,en,19,19,zelvin.com,paid,2023,10,0.0,0
google,2840,en,19,19,zelvin.com,paid,2023,9,0.0,0
google,2840,en,19,19,zelvin.com,paid,2023,8,0.0,0
google,2840,en,19,19,zelvin.com,paid,2023,7,0.0,0
google,2840,en,19,19,zelvin.com,paid,2023,6,0.0,0
google,2840,en,19,19,zelvin.com,paid,2023,5,0.0,0
google,2840,en,19,19,zelvin.com,paid,2023,4,0.0,0
google,2840,en,19,19,zelvin.com,paid,2023,3,0.0,0
google,2840,en,19,19,zelvin.com,paid,2023,2,0.0,0
google,2840,en,19,19,zelvin.com,paid,2023,1,0.0,0
google,2840,en,19,19,zelvin.com,paid,2022,12,0.0,0
google,2840,en,19,19,synack.com,organic,2024,12,6369.725749099627,1451
google,2840,en,19,19,synack.com,organic,2024,11,5768.041005210951,1425
google,2840,en,19,19,synack.com,organic,2024,10,4581.471903655678,1221
google,2840,en,19,19,synack.com,organic,2024,9,4429.713902179152,1172
google,2840,en,19,19,synack.com,organic,2024,8,4326.704364567995,1068
google,2840,en,19,19,synack.com,organic,2024,7,3359.1419941820204,1057
google,2840,en,19,19,synack.com,organic,2024,6,3373.8616713080555,1025
google,2840,en,19,19,synack.com,organic,2024,5,3279.6119117382914,919
google,2840,en,19,19,synack.com,organic,2024,4,3113.562958886847,902
google,2840,en,19,19,synack.com,organic,2024,3,2895.2927419561893,910
google,2840,en,19,19,synack.com,organic,2024,2,3172.391567658633,957
google,2840,en,19,19,synack.com,organic,2024,1,2925.408130388707,1015
google,2840,en,19,19,synack.com,organic,2023,12,2936.546899324283,1105
google,2840,en,19,19,synack.com,organic,2023,11,2864.5124259851873,1251
google,2840,en,19,19,synack.com,organic,2023,10,2918.723845280707,1340
google,2840,en,19,19,synack.com,organic,2023,9,3328.8129046615213,1421
google,2840,en,19,19,synack.com,organic,2023,8,2248.5708709582686,1159
google,2840,en,19,19,synack.com,organic,2023,7,2301.4284866098315,1140
google,2840,en,19,19,synack.com,organic,2023,6,2485.8219990879297,1001
google,2840,en,19,19,synack.com,organic,2023,5,2893.6632191948593,1065
google,2840,en,19,19,synack.com,organic,2023,4,3644.562586646527,1257
google,2840,en,19,19,synack.com,organic,2023,3,3395.3794537186623,1345
google,2840,en,19,19,synack.com,organic,2023,2,3674.921413110569,1414
google,2840,en,19,19,synack.com,organic,2023,1,3759.0433560423553,1361
google,2840,en,19,19,synack.com,organic,2022,12,3158.861864188686,1470
google,2840,en,19,19,synack.com,paid,2024,12,84.36099815368652,4
google,2840,en,19,19,synack.com,paid,2024,11,17.733999758958817,3
google,2840,en,19,19,synack.com,paid,2024,10,524.946995973587,17
google,2840,en,19,19,synack.com,paid,2024,9,543.0219965577126,20
google,2840,en,19,19,synack.com,paid,2024,8,45.748000144958496,22
google,2840,en,19,19,synack.com,paid,2024,7,6388.214801162481,66
google,2840,en,19,19,synack.com,paid,2024,6,430.168998003006,31
google,2840,en,19,19,synack.com,paid,2024,5,672.9200105071068,37
google,2840,en,19,19,synack.com,paid,2024,4,130.35300207138062,29
google,2840,en,19,19,synack.com,paid,2024,3,63.75900000333786,23
google,2840,en,19,19,synack.com,paid,2024,2,30.405000150203705,13
google,2840,en,19,19,synack.com,paid,2024,1,60.08699995279312,6
google,2840,en,19,19,synack.com,paid,2023,12,13.253999948501587,4
google,2840,en,19,19,synack.com,paid,2023,11,65.35099767148495,32
google,2840,en,19,19,synack.com,paid,2023,10,552.086003229022,67
google,2840,en,19,19,synack.com,paid,2023,9,2905.5230329185724,144
google,2840,en,19,19,synack.com,paid,2023,8,1679.1089988648891,155
google,2840,en,19,19,synack.com,paid,2023,7,1863.8850069344044,178
google,2840,en,19,19,synack.com,paid,2023,6,40.87799921631813,21
google,2840,en,19,19,synack.com,paid,2023,5,292.8810020685196,54
google,2840,en,19,19,synack.com,paid,2023,4,1483.8000330477953,201
google,2840,en,19,19,synack.com,paid,2023,3,4103.322096481919,344
google,2840,en,19,19,synack.com,paid,2023,2,2221.5300493985415,354
google,2840,en,19,19,synack.com,paid,2023,1,7759.149200737476,397
google,2840,en,19,19,synack.com,paid,2022,12,33720.22203654051,608
google,2840,en,19,19,tcm-sec.com,organic,2024,12,24820.489889204502,6897
google,2840,en,19,19,tcm-sec.com,organic,2024,11,22758.600275646895,6562
google,2840,en,19,19,tcm-sec.com,organic,2024,10,23292.988046022132,5847
google,2840,en,19,19,tcm-sec.com,organic,2024,9,22536.93496733904,5616
google,2840,en,19,19,tcm-sec.com,organic,2024,8,19469.051786012948,4887
google,2840,en,19,19,tcm-sec.com,organic,2024,7,24464.32544046268,4771
google,2840,en,19,19,tcm-sec.com,organic,2024,6,16768.345945397392,4527
google,2840,en,19,19,tcm-sec.com,organic,2024,5,13395.824977150187,4313
google,2840,en,19,19,tcm-sec.com,organic,2024,4,12717.074867092073,4157
google,2840,en,19,19,tcm-sec.com,organic,2024,3,10745.64081995003,3627
google,2840,en,19,19,tcm-sec.com,organic,2024,2,10209.490127440542,3415
google,2840,en,19,19,tcm-sec.com,organic,2024,1,13766.6589860823,3810
google,2840,en,19,19,tcm-sec.com,organic,2023,12,10188.000313261524,4130
google,2840,en,19,19,tcm-sec.com,organic,2023,11,10769.193809369579,4357
google,2840,en,19,19,tcm-sec.com,organic,2023,10,10783.237053349614,4217
google,2840,en,19,19,tcm-sec.com,organic,2023,9,8817.478767350316,3817
google,2840,en,19,19,tcm-sec.com,organic,2023,8,6896.957815783098,2856
google,2840,en,19,19,tcm-sec.com,organic,2023,7,7440.216384166852,3327
google,2840,en,19,19,tcm-sec.com,organic,2023,6,9652.328327799216,3945
google,2840,en,19,19,tcm-sec.com,organic,2023,5,11450.501912707463,3491
google,2840,en,19,19,tcm-sec.com,organic,2023,4,12707.654920436442,3028
google,2840,en,19,19,tcm-sec.com,organic,2023,3,6937.606226129457,2686
google,2840,en,19,19,tcm-sec.com,organic,2023,2,7468.069411735982,2504
google,2840,en,19,19,tcm-sec.com,organic,2023,1,5857.953756352887,2444
google,2840,en,19,19,tcm-sec.com,organic,2022,12,5903.763578185812,2335
google,2840,en,19,19,tcm-sec.com,paid,2024,12,0.0,0
google,2840,en,19,19,tcm-sec.com,paid,2024,11,0.0,0
google,2840,en,19,19,tcm-sec.com,paid,2024,10,0.0,0
google,2840,en,19,19,tcm-sec.com,paid,2024,9,0.0,0
google,2840,en,19,19,tcm-sec.com,paid,2024,8,0.0,0
google,2840,en,19,19,tcm-sec.com,paid,2024,7,0.0,0
google,2840,en,19,19,tcm-sec.com,paid,2024,6,0.0,0
google,2840,en,19,19,tcm-sec.com,paid,2024,5,0.0,0
google,2840,en,19,19,tcm-sec.com,paid,2024,4,0.0,0
google,2840,en,19,19,tcm-sec.com,paid,2024,3,0.0,0
google,2840,en,19,19,tcm-sec.com,paid,2024,2,0.0,0
google,2840,en,19,19,tcm-sec.com,paid,2024,1,0.0,0
google,2840,en,19,19,tcm-sec.com,paid,2023,12,0.0,0
google,2840,en,19,19,tcm-sec.com,paid,2023,11,0.0,0
google,2840,en,19,19,tcm-sec.com,paid,2023,10,0.0,0
google,2840,en,19,19,tcm-sec.com,paid,2023,9,0.0,0
google,2840,en,19,19,tcm-sec.com,paid,2023,8,0.0,0
google,2840,en,19,19,tcm-sec.com,paid,2023,7,0.0,0
google,2840,en,19,19,tcm-sec.com,paid,2023,6,0.0,0
google,2840,en,19,19,tcm-sec.com,paid,2023,5,0.0,0
google,2840,en,19,19,tcm-sec.com,paid,2023,4,0.0,0
google,2840,en,19,19,tcm-sec.com,paid,2023,3,0.0,0
google,2840,en,19,19,tcm-sec.com,paid,2023,2,0.0,0
google,2840,en,19,19,tcm-sec.com,paid,2023,1,0.0,0
google,2840,en,19,19,tcm-sec.com,paid,2022,12,0.0,0
google,2840,en,19,19,packetlabs.net,organic,2024,12,14628.145466340706,5192
google,2840,en,19,19,packetlabs.net,organic,2024,11,17551.931467015296,5130
google,2840,en,19,19,packetlabs.net,organic,2024,10,16150.352655354887,5012
google,2840,en,19,19,packetlabs.net,organic,2024,9,15933.256073251367,4874
google,2840,en,19,19,packetlabs.net,organic,2024,8,13898.360919430852,4547
google,2840,en,19,19,packetlabs.net,organic,2024,7,16871.57380964607,5377
google,2840,en,19,19,packetlabs.net,organic,2024,6,23657.28895812854,6033
google,2840,en,19,19,packetlabs.net,organic,2024,5,21492.531354874372,5687
google,2840,en,19,19,packetlabs.net,organic,2024,4,15785.325835635886,4913
google,2840,en,19,19,packetlabs.net,organic,2024,3,11481.916141828522,4276
google,2840,en,19,19,packetlabs.net,organic,2024,2,11054.0103313867,4178
google,2840,en,19,19,packetlabs.net,organic,2024,1,11389.662923447788,4170
google,2840,en,19,19,packetlabs.net,organic,2023,12,11670.997396875173,4305
google,2840,en,19,19,packetlabs.net,organic,2023,11,11222.971097918227,4421
google,2840,en,19,19,packetlabs.net,organic,2023,10,12422.275426991284,4556
google,2840,en,19,19,packetlabs.net,organic,2023,9,11195.237870171666,4527
google,2840,en,19,19,packetlabs.net,organic,2023,8,5860.172430707142,3901
google,2840,en,19,19,packetlabs.net,organic,2023,7,6309.975541157648,4070
google,2840,en,19,19,packetlabs.net,organic,2023,6,10090.746351063251,4181
google,2840,en,19,19,packetlabs.net,organic,2023,5,6735.643898515031,3895
google,2840,en,19,19,packetlabs.net,organic,2023,4,8947.580579355359,3908
google,2840,en,19,19,packetlabs.net,organic,2023,3,7307.590611331165,4470
google,2840,en,19,19,packetlabs.net,organic,2023,2,8768.710891162977,4919
google,2840,en,19,19,packetlabs.net,organic,2023,1,7685.005186408758,4621
google,2840,en,19,19,packetlabs.net,organic,2022,12,7426.173267234117,4884
google,2840,en,19,19,packetlabs.net,paid,2024,12,0.0,0
google,2840,en,19,19,packetlabs.net,paid,2024,11,0.0,0
google,2840,en,19,19,packetlabs.net,paid,2024,10,0.0,0
google,2840,en,19,19,packetlabs.net,paid,2024,9,0.0,0
google,2840,en,19,19,packetlabs.net,paid,2024,8,36.97199821472168,2
google,2840,en,19,19,packetlabs.net,paid,2024,7,12.909000158309937,3
google,2840,en,19,19,packetlabs.net,paid,2024,6,5.543999910354614,2
google,2840,en,19,19,packetlabs.net,paid,2024,5,85.40500205755234,9
google,2840,en,19,19,packetlabs.net,paid,2024,4,188.57000249624252,27
google,2840,en,19,19,packetlabs.net,paid,2024,3,1657.0080450177193,13
google,2840,en,19,19,packetlabs.net,paid,2024,2,1627.4850437045097,9
google,2840,en,19,19,packetlabs.net,paid,2024,1,45.50399971008301,3
google,2840,en,19,19,packetlabs.net,paid,2023,12,42.11700081825256,4
google,2840,en,19,19,packetlabs.net,paid,2023,11,31.065000534057617,3
google,2840,en,19,19,packetlabs.net,paid,2023,10,0.0,0
google,2840,en,19,19,packetlabs.net,paid,2023,9,0.0,0
google,2840,en,19,19,packetlabs.net,paid,2023,8,0.0,0
google,2840,en,19,19,packetlabs.net,paid,2023,7,0.0,0
google,2840,en,19,19,packetlabs.net,paid,2023,6,0.0,0
google,2840,en,19,19,packetlabs.net,paid,2023,5,146.11800003051758,9
google,2840,en,19,19,packetlabs.net,paid,2023,4,29.00700092315674,6
google,2840,en,19,19,packetlabs.net,paid,2023,3,132.18600152432919,15
google,2840,en,19,19,packetlabs.net,paid,2023,2,471.31201224029064,25
google,2840,en,19,19,packetlabs.net,paid,2023,1,1708.5959885716438,56
google,2840,en,19,19,packetlabs.net,paid,2022,12,1637.7269962280989,62
google,2840,en,19,19,redscan.com,organic,2024,12,17543.684756295756,3496
google,2840,en,19,19,redscan.com,organic,2024,11,20697.025876605883,3799
google,2840,en,19,19,redscan.com,organic,2024,10,24655.54834329337,3788
google,2840,en,19,19,redscan.com,organic,2024,9,24356.27333833836,3692
google,2840,en,19,19,redscan.com,organic,2024,8,23460.222041403875,3414
google,2840,en,19,19,redscan.com,organic,2024,7,19911.931442635134,3375
google,2840,en,19,19,redscan.com,organic,2024,6,19374.781421123073,3175
google,2840,en,19,19,redscan.com,organic,2024,5,18740.827355813235,2978
google,2840,en,19,19,redscan.com,organic,2024,4,14511.65107826516,3047
google,2840,en,19,19,redscan.com,organic,2024,3,18592.326840646565,3303
google,2840,en,19,19,redscan.com,organic,2024,2,23440.707206444815,3385
google,2840,en,19,19,redscan.com,organic,2024,1,15113.02782905288,3454
google,2840,en,19,19,redscan.com,organic,2023,12,14814.379218012094,3445
google,2840,en,19,19,redscan.com,organic,2023,11,15306.933525243774,3395
google,2840,en,19,19,redscan.com,organic,2023,10,13285.247576298192,3454
google,2840,en,19,19,redscan.com,organic,2023,9,13238.96106294915,3459
google,2840,en,19,19,redscan.com,organic,2023,8,9954.714678162709,2951
google,2840,en,19,19,redscan.com,organic,2023,7,9840.034866815433,2906
google,2840,en,19,19,redscan.com,organic,2023,6,9737.758420113474,3083
google,2840,en,19,19,redscan.com,organic,2023,5,10801.563214596361,3164
google,2840,en,19,19,redscan.com,organic,2023,4,14032.735849535093,3185
google,2840,en,19,19,redscan.com,organic,2023,3,13656.357460578904,3360
google,2840,en,19,19,redscan.com,organic,2023,2,14049.668884471059,3505
google,2840,en,19,19,redscan.com,organic,2023,1,13235.757536383346,3264
google,2840,en,19,19,redscan.com,organic,2022,12,13167.598152434453,3743
google,2840,en,19,19,redscan.com,paid,2024,12,0.0,0
google,2840,en,19,19,redscan.com,paid,2024,11,0.0,0
google,2840,en,19,19,redscan.com,paid,2024,10,0.0,0
google,2840,en,19,19,redscan.com,paid,2024,9,0.0,0
google,2840,en,19,19,redscan.com,paid,2024,8,0.0,0
google,2840,en,19,19,redscan.com,paid,2024,7,0.0,0
google,2840,en,19,19,redscan.com,paid,2024,6,0.0,0
google,2840,en,19,19,redscan.com,paid,2024,5,0.0,0
google,2840,en,19,19,redscan.com,paid,2024,4,0.0,0
google,2840,en,19,19,redscan.com,paid,2024,3,0.0,0
google,2840,en,19,19,redscan.com,paid,2024,2,0.0,0
google,2840,en,19,19,redscan.com,paid,2024,1,0.0,0
google,2840,en,19,19,redscan.com,paid,2023,12,0.0,0
google,2840,en,19,19,redscan.com,paid,2023,11,0.0,0
google,2840,en,19,19,redscan.com,paid,2023,10,0.0,0
google,2840,en,19,19,redscan.com,paid,2023,9,0.0,0
google,2840,en,19,19,redscan.com,paid,2023,8,0.0,0
google,2840,en,19,19,redscan.com,paid,2023,7,0.0,0
google,2840,en,19,19,redscan.com,paid,2023,6,0.0,0
google,2840,en,19,19,redscan.com,paid,2023,5,0.0,0
google,2840,en,19,19,redscan.com,paid,2023,4,0.0,0
google,2840,en,19,19,redscan.com,paid,2023,3,0.0,0
google,2840,en,19,19,redscan.com,paid,2023,2,0.0,0
google,2840,en,19,19,redscan.com,paid,2023,1,0.0,0
google,2840,en,19,19,redscan.com,paid,2022,12,0.0,0
google,2840,en,19,19,whiteknightlabs.com,organic,2024,12,646.2698957696557,524
google,2840,en,19,19,whiteknightlabs.com,organic,2024,11,945.5039809979498,508
google,2840,en,19,19,whiteknightlabs.com,organic,2024,10,936.0719903148711,472
google,2840,en,19,19,whiteknightlabs.com,organic,2024,9,922.3233891427517,457
google,2840,en,19,19,whiteknightlabs.com,organic,2024,8,755.2926161605865,398
google,2840,en,19,19,whiteknightlabs.com,organic,2024,7,584.4078741371632,358
google,2840,en,19,19,whiteknightlabs.com,organic,2024,6,484.9674769062549,330
google,2840,en,19,19,whiteknightlabs.com,organic,2024,5,994.9659876581281,345
google,2840,en,19,19,whiteknightlabs.com,organic,2024,4,1004.5561495237052,357
google,2840,en,19,19,whiteknightlabs.com,organic,2024,3,512.137935180217,340
google,2840,en,19,19,whiteknightlabs.com,organic,2024,2,492.64893283881247,347
google,2840,en,19,19,whiteknightlabs.com,organic,2024,1,477.33247112110257,345
google,2840,en,19,19,whiteknightlabs.com,organic,2023,12,498.6979522239417,335
google,2840,en,19,19,whiteknightlabs.com,organic,2023,11,1528.497301703319,300
google,2840,en,19,19,whiteknightlabs.com,organic,2023,10,510.83871493674815,254
google,2840,en,19,19,whiteknightlabs.com,organic,2023,9,482.2662555873394,234
google,2840,en,19,19,whiteknightlabs.com,organic,2023,8,205.73667946830392,178
google,2840,en,19,19,whiteknightlabs.com,organic,2023,7,192.67257979512215,149
google,2840,en,19,19,whiteknightlabs.com,organic,2023,6,180.0940562710166,239
google,2840,en,19,19,whiteknightlabs.com,organic,2023,5,147.27239629253745,122
google,2840,en,19,19,whiteknightlabs.com,organic,2023,4,122.38207684084773,107
google,2840,en,19,19,whiteknightlabs.com,organic,2023,3,110.09757658466697,115
google,2840,en,19,19,whiteknightlabs.com,organic,2023,2,110.57143667526543,116
google,2840,en,19,19,whiteknightlabs.com,organic,2023,1,107.66063665598631,117
google,2840,en,19,19,whiteknightlabs.com,organic,2022,12,69.23041841574013,131
google,2840,en,19,19,whiteknightlabs.com,paid,2024,12,0.0,0
google,2840,en,19,19,whiteknightlabs.com,paid,2024,11,0.0,0
google,2840,en,19,19,whiteknightlabs.com,paid,2024,10,0.0,0
google,2840,en,19,19,whiteknightlabs.com,paid,2024,9,0.0,0
google,2840,en,19,19,whiteknightlabs.com,paid,2024,8,0.0,0
google,2840,en,19,19,whiteknightlabs.com,paid,2024,7,0.0,0
google,2840,en,19,19,whiteknightlabs.com,paid,2024,6,0.0,0
google,2840,en,19,19,whiteknightlabs.com,paid,2024,5,0.0,0
google,2840,en,19,19,whiteknightlabs.com,paid,2024,4,0.0,0
google,2840,en,19,19,whiteknightlabs.com,paid,2024,3,0.0,0
google,2840,en,19,19,whiteknightlabs.com,paid,2024,2,0.0,0
google,2840,en,19,19,whiteknightlabs.com,paid,2024,1,0.0,0
google,2840,en,19,19,whiteknightlabs.com,paid,2023,12,0.0,0
google,2840,en,19,19,whiteknightlabs.com,paid,2023,11,0.0,0
google,2840,en,19,19,whiteknightlabs.com,paid,2023,10,0.0,0
google,2840,en,19,19,whiteknightlabs.com,paid,2023,9,0.0,0
google,2840,en,19,19,whiteknightlabs.com,paid,2023,8,0.0,0
google,2840,en,19,19,whiteknightlabs.com,paid,2023,7,0.0,0
google,2840,en,19,19,whiteknightlabs.com,paid,2023,6,0.0,0
google,2840,en,19,19,whiteknightlabs.com,paid,2023,5,0.0,0
google,2840,en,19,19,whiteknightlabs.com,paid,2023,4,0.0,0
google,2840,en,19,19,whiteknightlabs.com,paid,2023,3,0.0,0
google,2840,en,19,19,whiteknightlabs.com,paid,2023,2,0.0,0
google,2840,en,19,19,whiteknightlabs.com,paid,2023,1,0.0,0
google,2840,en,19,19,whiteknightlabs.com,paid,2022,12,0.0,0
google,2840,en,19,19,bishopfox.com,organic,2024,12,19288.909416306764,4207
google,2840,en,19,19,bishopfox.com,organic,2024,11,18204.574169564992,4452
google,2840,en,19,19,bishopfox.com,organic,2024,10,16476.65389817953,4659
google,2840,en,19,19,bishopfox.com,organic,2024,9,16228.14395823516,4544
google,2840,en,19,19,bishopfox.com,organic,2024,8,14439.625138582662,4091
google,2840,en,19,19,bishopfox.com,organic,2024,7,81983.53701088391,4006
google,2840,en,19,19,bishopfox.com,organic,2024,6,17732.927518244833,4266
google,2840,en,19,19,bishopfox.com,organic,2024,5,12766.375360829756,4208
google,2840,en,19,19,bishopfox.com,organic,2024,4,10934.769791565835,3910
google,2840,en,19,19,bishopfox.com,organic,2024,3,12453.441376492381,4384
google,2840,en,19,19,bishopfox.com,organic,2024,2,12151.437585758045,4504
google,2840,en,19,19,bishopfox.com,organic,2024,1,17708.25089335814,4835
google,2840,en,19,19,bishopfox.com,organic,2023,12,14015.645790448412,5072
google,2840,en,19,19,bishopfox.com,organic,2023,11,18877.142855307087,5195
google,2840,en,19,19,bishopfox.com,organic,2023,10,17404.17865002714,5507
google,2840,en,19,19,bishopfox.com,organic,2023,9,16729.271729534492,5480
google,2840,en,19,19,bishopfox.com,organic,2023,8,100474.05319376476,5092
google,2840,en,19,19,bishopfox.com,organic,2023,7,102073.15218417346,5161
google,2840,en,19,19,bishopfox.com,organic,2023,6,112027.95410637371,4905
google,2840,en,19,19,bishopfox.com,organic,2023,5,134681.74714451656,4865
google,2840,en,19,19,bishopfox.com,organic,2023,4,115235.55198128521,4843
google,2840,en,19,19,bishopfox.com,organic,2023,3,124828.03181209601,4964
google,2840,en,19,19,bishopfox.com,organic,2023,2,176118.22466954403,5119
google,2840,en,19,19,bishopfox.com,organic,2023,1,148156.3067444507,4960
google,2840,en,19,19,bishopfox.com,organic,2022,12,155027.4288417697,5485
google,2840,en,19,19,bishopfox.com,paid,2024,12,0.0,0
google,2840,en,19,19,bishopfox.com,paid,2024,11,0.0,0
google,2840,en,19,19,bishopfox.com,paid,2024,10,0.0,0
google,2840,en,19,19,bishopfox.com,paid,2024,9,0.0,0
google,2840,en,19,19,bishopfox.com,paid,2024,8,0.0,0
google,2840,en,19,19,bishopfox.com,paid,2024,7,0.0,0
google,2840,en,19,19,bishopfox.com,paid,2024,6,0.0,0
google,2840,en,19,19,bishopfox.com,paid,2024,5,0.0,0
google,2840,en,19,19,bishopfox.com,paid,2024,4,0.0,0
google,2840,en,19,19,bishopfox.com,paid,2024,3,0.0,0
google,2840,en,19,19,bishopfox.com,paid,2024,2,0.0,0
google,2840,en,19,19,bishopfox.com,paid,2024,1,3.555000066757202,1
google,2840,en,19,19,bishopfox.com,paid,2023,12,0.0,0
google,2840,en,19,19,bishopfox.com,paid,2023,11,170.63999938964844,1
google,2840,en,19,19,bishopfox.com,paid,2023,10,170.63999938964844,1
google,2840,en,19,19,bishopfox.com,paid,2023,9,0.0,0
google,2840,en,19,19,bishopfox.com,paid,2023,8,216.1440029144287,2
google,2840,en,19,19,bishopfox.com,paid,2023,7,216.1440029144287,2
google,2840,en,19,19,bishopfox.com,paid,2023,6,214.72200274467468,3
google,2840,en,19,19,bishopfox.com,paid,2023,5,180.5939998626709,3
google,2840,en,19,19,bishopfox.com,paid,2023,4,172.0619993209839,2
google,2840,en,19,19,bishopfox.com,paid,2023,3,181.30499982833862,5
google,2840,en,19,19,bishopfox.com,paid,2023,2,383.940000474453,14
google,2840,en,19,19,bishopfox.com,paid,2023,1,209.0340005159378,11
google,2840,en,19,19,bishopfox.com,paid,2022,12,361.18799901008606,8
google,2840,en,19,19,breachlock.com,organic,2024,12,7171.8623151779175,3332
google,2840,en,19,19,breachlock.com,organic,2024,11,7686.629934845492,3671
google,2840,en,19,19,breachlock.com,organic,2024,10,6427.156228721142,3853
google,2840,en,19,19,breachlock.com,organic,2024,9,6299.659820917994,3772
google,2840,en,19,19,breachlock.com,organic,2024,8,5579.80607534945,3160
google,2840,en,19,19,breachlock.com,organic,2024,7,6042.168411927298,3096
google,2840,en,19,19,breachlock.com,organic,2024,6,5893.027834359556,3039
google,2840,en,19,19,breachlock.com,organic,2024,5,5504.096359608695,2936
google,2840,en,19,19,breachlock.com,organic,2024,4,4981.080136466771,2972
google,2840,en,19,19,breachlock.com,organic,2024,3,7072.84275293909,3169
google,2840,en,19,19,breachlock.com,organic,2024,2,7468.148411873728,3421
google,2840,en,19,19,breachlock.com,organic,2024,1,10703.153719026595,4543
google,2840,en,19,19,breachlock.com,organic,2023,12,13485.16846430488,4874
google,2840,en,19,19,breachlock.com,organic,2023,11,13125.462246190757,4659
google,2840,en,19,19,breachlock.com,organic,2023,10,13295.026145296171,4545
google,2840,en,19,19,breachlock.com,organic,2023,9,9834.372207418084,4019
google,2840,en,19,19,breachlock.com,organic,2023,8,6900.842283939943,3072
google,2840,en,19,19,breachlock.com,organic,2023,7,6672.569598363712,2993
google,2840,en,19,19,breachlock.com,organic,2023,6,6024.18102931045,3022
google,2840,en,19,19,breachlock.com,organic,2023,5,5510.007539955899,2902
google,2840,en,19,19,breachlock.com,organic,2023,4,5371.460680356249,2834
google,2840,en,19,19,breachlock.com,organic,2023,3,5236.262526065111,2758
google,2840,en,19,19,breachlock.com,organic,2023,2,3175.916044436395,2021
google,2840,en,19,19,breachlock.com,organic,2023,1,2444.967533759773,1824
google,2840,en,19,19,breachlock.com,organic,2022,12,2531.6550767775625,1752
google,2840,en,19,19,breachlock.com,paid,2024,12,43.44900131225586,2
google,2840,en,19,19,breachlock.com,paid,2024,11,26.816999435424805,6
google,2840,en,19,19,breachlock.com,paid,2024,10,247.20600032806396,22
google,2840,en,19,19,breachlock.com,paid,2024,9,265.18200182914734,26
google,2840,en,19,19,breachlock.com,paid,2024,8,403.63499188423157,40
google,2840,en,19,19,breachlock.com,paid,2024,7,573.8780048489571,48
google,2840,en,19,19,breachlock.com,paid,2024,6,26742.59677219391,51
google,2840,en,19,19,breachlock.com,paid,2024,5,26820.559776723385,65
google,2840,en,19,19,breachlock.com,paid,2024,4,3441.847052693367,98
google,2840,en,19,19,breachlock.com,paid,2024,3,1092.0119856595993,56
google,2840,en,19,19,breachlock.com,paid,2024,2,903.8039908409119,44
google,2840,en,19,19,breachlock.com,paid,2024,1,173.04299879074097,14
google,2840,en,19,19,breachlock.com,paid,2023,12,208.32299900054932,15
google,2840,en,19,19,breachlock.com,paid,2023,11,4678.380137503147,50
google,2840,en,19,19,breachlock.com,paid,2023,10,4389.714097797871,51
google,2840,en,19,19,breachlock.com,paid,2023,9,2181.34804135561,52
google,2840,en,19,19,breachlock.com,paid,2023,8,499.10100746154785,40
google,2840,en,19,19,breachlock.com,paid,2023,7,516.8970119953156,40
google,2840,en,19,19,breachlock.com,paid,2023,6,51.1920006275177,6
google,2840,en,19,19,breachlock.com,paid,2023,5,72.52200031280518,8
google,2840,en,19,19,breachlock.com,paid,2023,4,517.8720070719719,40
google,2840,en,19,19,breachlock.com,paid,2023,3,328.61700063943863,42
google,2840,en,19,19,breachlock.com,paid,2023,2,941.2559982538223,45
google,2840,en,19,19,breachlock.com,paid,2023,1,3166.6200620532036,44
google,2840,en,19,19,breachlock.com,paid,2022,12,1391.7150302529335,47
google,2840,en,19,19,hackerone.com,organic,2024,12,337375.3973560501,27109
google,2840,en,19,19,hackerone.com,organic,2024,11,389155.14888724685,29070
google,2840,en,19,19,hackerone.com,organic,2024,10,634031.2774887607,33099
google,2840,en,19,19,hackerone.com,organic,2024,9,633025.8750404585,32473
google,2840,en,19,19,hackerone.com,organic,2024,8,513153.6034757551,31613
google,2840,en,19,19,hackerone.com,organic,2024,7,804306.6535122562,32520
google,2840,en,19,19,hackerone.com,organic,2024,6,757957.490488153,29905
google,2840,en,19,19,hackerone.com,organic,2024,5,473811.51646284014,28686
google,2840,en,19,19,hackerone.com,organic,2024,4,488365.48888165876,29290
google,2840,en,19,19,hackerone.com,organic,2024,3,534129.4687244184,31373
google,2840,en,19,19,hackerone.com,organic,2024,2,544754.0376764797,31668
google,2840,en,19,19,hackerone.com,organic,2024,1,461558.2744339537,34218
google,2840,en,19,19,hackerone.com,organic,2023,12,700108.1228487883,38435
google,2840,en,19,19,hackerone.com,organic,2023,11,591237.647884639,40678
google,2840,en,19,19,hackerone.com,organic,2023,10,593266.9607387893,41836
google,2840,en,19,19,hackerone.com,organic,2023,9,637464.113641452,41676
google,2840,en,19,19,hackerone.com,organic,2023,8,569305.653145358,38020
google,2840,en,19,19,hackerone.com,organic,2023,7,1862829.909663286,37619
google,2840,en,19,19,hackerone.com,organic,2023,6,2125869.5546850823,33279
google,2840,en,19,19,hackerone.com,organic,2023,5,847577.8403721564,28763
google,2840,en,19,19,hackerone.com,organic,2023,4,1149882.9399414435,19548
google,2840,en,19,19,hackerone.com,organic,2023,3,328583.0435774978,10102
google,2840,en,19,19,hackerone.com,organic,2023,2,599229.8820355404,12646
google,2840,en,19,19,hackerone.com,organic,2023,1,1003878.9294647444,10696
google,2840,en,19,19,hackerone.com,organic,2022,12,1152703.2134956978,10900
google,2840,en,19,19,hackerone.com,paid,2024,12,836.8340060710907,15
google,2840,en,19,19,hackerone.com,paid,2024,11,171.24799478054047,8
google,2840,en,19,19,hackerone.com,paid,2024,10,199.7769947052002,8
google,2840,en,19,19,hackerone.com,paid,2024,9,203.07699465751648,9
google,2840,en,19,19,hackerone.com,paid,2024,8,259.4380012154579,17
google,2840,en,19,19,hackerone.com,paid,2024,7,396.2030062675476,58
google,2840,en,19,19,hackerone.com,paid,2024,6,72.00400102138519,4
google,2840,en,19,19,hackerone.com,paid,2024,5,3.555000066757202,1
google,2840,en,19,19,hackerone.com,paid,2024,4,10.081000089645386,4
google,2840,en,19,19,hackerone.com,paid,2024,3,9.099000215530396,2
google,2840,en,19,19,hackerone.com,paid,2024,2,9.099000215530396,2
google,2840,en,19,19,hackerone.com,paid,2024,1,0.0,0
google,2840,en,19,19,hackerone.com,paid,2023,12,0.0,0
google,2840,en,19,19,hackerone.com,paid,2023,11,0.0,0
google,2840,en,19,19,hackerone.com,paid,2023,10,0.0,0
google,2840,en,19,19,hackerone.com,paid,2023,9,0.0,0
google,2840,en,19,19,hackerone.com,paid,2023,8,0.0,0
google,2840,en,19,19,hackerone.com,paid,2023,7,0.0,0
google,2840,en,19,19,hackerone.com,paid,2023,6,34.12799835205078,1
google,2840,en,19,19,hackerone.com,paid,2023,5,46.92599868774414,4
google,2840,en,19,19,hackerone.com,paid,2023,4,1.5329999923706055,1
google,2840,en,19,19,hackerone.com,paid,2023,3,0.0,0
google,2840,en,19,19,hackerone.com,paid,2023,2,115.86000204086304,2
google,2840,en,19,19,hackerone.com,paid,2023,1,1.5,1
google,2840,en,19,19,hackerone.com,paid,2022,12,0.0,0
google,2840,en,19,19,mitnicksecurity.com,organic,2024,12,20146.10150339827,3420
google,2840,en,19,19,mitnicksecurity.com,organic,2024,11,19851.09852526523,3534
google,2840,en,19,19,mitnicksecurity.com,organic,2024,10,21733.174007194117,3246
google,2840,en,19,19,mitnicksecurity.com,organic,2024,9,21119.09266221337,3144
google,2840,en,19,19,mitnicksecurity.com,organic,2024,8,21653.49450836517,2897
google,2840,en,19,19,mitnicksecurity.com,organic,2024,7,29439.89896918647,2951
google,2840,en,19,19,mitnicksecurity.com,organic,2024,6,29544.156456558034,2890
google,2840,en,19,19,mitnicksecurity.com,organic,2024,5,27176.554485907778,2657
google,2840,en,19,19,mitnicksecurity.com,organic,2024,4,26089.209682716057,2601
google,2840,en,19,19,mitnicksecurity.com,organic,2024,3,28466.79974914342,2916
google,2840,en,19,19,mitnicksecurity.com,organic,2024,2,28976.37957245484,3050
google,2840,en,19,19,mitnicksecurity.com,organic,2024,1,26412.411472890526,3091
google,2840,en,19,19,mitnicksecurity.com,organic,2023,12,24505.63374395296,2992
google,2840,en,19,19,mitnicksecurity.com,organic,2023,11,27650.914103079587,3080
google,2840,en,19,19,mitnicksecurity.com,organic,2023,10,26124.529578287154,3209
google,2840,en,19,19,mitnicksecurity.com,organic,2023,9,28431.47150259465,3177
google,2840,en,19,19,mitnicksecurity.com,organic,2023,8,17162.330691786483,2706
google,2840,en,19,19,mitnicksecurity.com,organic,2023,7,14493.43473206088,2726
google,2840,en,19,19,mitnicksecurity.com,organic,2023,6,16038.686743831262,2611
google,2840,en,19,19,mitnicksecurity.com,organic,2023,5,14446.264621391892,2433
google,2840,en,19,19,mitnicksecurity.com,organic,2023,4,13151.668885216117,2400
google,2840,en,19,19,mitnicksecurity.com,organic,2023,3,15244.648229626939,2642
google,2840,en,19,19,mitnicksecurity.com,organic,2023,2,17708.0021924451,2906
google,2840,en,19,19,mitnicksecurity.com,organic,2023,1,15422.871508721262,2769
google,2840,en,19,19,mitnicksecurity.com,organic,2022,12,13730.007120626047,2720
google,2840,en,19,19,mitnicksecurity.com,paid,2024,12,0.0,0
google,2840,en,19,19,mitnicksecurity.com,paid,2024,11,0.0,0
google,2840,en,19,19,mitnicksecurity.com,paid,2024,10,0.0,0
google,2840,en,19,19,mitnicksecurity.com,paid,2024,9,0.0,0
google,2840,en,19,19,mitnicksecurity.com,paid,2024,8,0.0,0
google,2840,en,19,19,mitnicksecurity.com,paid,2024,7,0.0,0
google,2840,en,19,19,mitnicksecurity.com,paid,2024,6,0.0,0
google,2840,en,19,19,mitnicksecurity.com,paid,2024,5,0.0,0
google,2840,en,19,19,mitnicksecurity.com,paid,2024,4,0.0,0
google,2840,en,19,19,mitnicksecurity.com,paid,2024,3,0.0,0
google,2840,en,19,19,mitnicksecurity.com,paid,2024,2,0.0,0
google,2840,en,19,19,mitnicksecurity.com,paid,2024,1,0.0,0
google,2840,en,19,19,mitnicksecurity.com,paid,2023,12,0.0,0
google,2840,en,19,19,mitnicksecurity.com,paid,2023,11,0.0,0
google,2840,en,19,19,mitnicksecurity.com,paid,2023,10,0.0,0
google,2840,en,19,19,mitnicksecurity.com,paid,2023,9,0.0,0
google,2840,en,19,19,mitnicksecurity.com,paid,2023,8,0.0,0
google,2840,en,19,19,mitnicksecurity.com,paid,2023,7,0.0,0
google,2840,en,19,19,mitnicksecurity.com,paid,2023,6,0.0,0
google,2840,en,19,19,mitnicksecurity.com,paid,2023,5,0.0,0
google,2840,en,19,19,mitnicksecurity.com,paid,2023,4,0.0,0
google,2840,en,19,19,mitnicksecurity.com,paid,2023,3,0.0,0
google,2840,en,19,19,mitnicksecurity.com,paid,2023,2,0.0,0
google,2840,en,19,19,mitnicksecurity.com,paid,2023,1,0.0,0
google,2840,en,19,19,mitnicksecurity.com,paid,2022,12,0.0,0
google,2840,en,19,19,covertswarm.com,organic,2024,12,5361.613677056506,2560
google,2840,en,19,19,covertswarm.com,organic,2024,11,6674.890529548749,2735
google,2840,en,19,19,covertswarm.com,organic,2024,10,7584.256318125874,2808
google,2840,en,19,19,covertswarm.com,organic,2024,9,7634.345141932368,2811
google,2840,en,19,19,covertswarm.com,organic,2024,8,5840.011005854234,2325
google,2840,en,19,19,covertswarm.com,organic,2024,7,8709.575802685693,2533
google,2840,en,19,19,covertswarm.com,organic,2024,6,4231.651782400906,2108
google,2840,en,19,19,covertswarm.com,organic,2024,5,3939.846064059064,2064
google,2840,en,19,19,covertswarm.com,organic,2024,4,4605.810366299003,2362
google,2840,en,19,19,covertswarm.com,organic,2024,3,5448.066181307659,2343
google,2840,en,19,19,covertswarm.com,organic,2024,2,7790.695802243426,2344
google,2840,en,19,19,covertswarm.com,organic,2024,1,7564.149156685919,2410
google,2840,en,19,19,covertswarm.com,organic,2023,12,7305.276684379205,2041
google,2840,en,19,19,covertswarm.com,organic,2023,11,5205.835402248427,1579
google,2840,en,19,19,covertswarm.com,organic,2023,10,3396.7685007601976,1292
google,2840,en,19,19,covertswarm.com,organic,2023,9,3047.2209058068693,962
google,2840,en,19,19,covertswarm.com,organic,2023,8,1749.469173323363,631
google,2840,en,19,19,covertswarm.com,organic,2023,7,1683.3146928660572,531
google,2840,en,19,19,covertswarm.com,organic,2023,6,1501.9129913654178,423
google,2840,en,19,19,covertswarm.com,organic,2023,5,727.414716180414,408
google,2840,en,19,19,covertswarm.com,organic,2023,4,1076.506812384352,390
google,2840,en,19,19,covertswarm.com,organic,2023,3,620.9965247027576,360
google,2840,en,19,19,covertswarm.com,organic,2023,2,593.7748642843217,309
google,2840,en,19,19,covertswarm.com,organic,2023,1,466.9593205973506,313
google,2840,en,19,19,covertswarm.com,organic,2022,12,324.59504141658545,346
google,2840,en,19,19,covertswarm.com,paid,2024,12,0.0,0
google,2840,en,19,19,covertswarm.com,paid,2024,11,0.0,0
google,2840,en,19,19,covertswarm.com,paid,2024,10,0.0,0
google,2840,en,19,19,covertswarm.com,paid,2024,9,0.0,0
google,2840,en,19,19,covertswarm.com,paid,2024,8,0.0,0
google,2840,en,19,19,covertswarm.com,paid,2024,7,0.0,0
google,2840,en,19,19,covertswarm.com,paid,2024,6,0.0,0
google,2840,en,19,19,covertswarm.com,paid,2024,5,0.0,0
google,2840,en,19,19,covertswarm.com,paid,2024,4,0.0,0
google,2840,en,19,19,covertswarm.com,paid,2024,3,0.0,0
google,2840,en,19,19,covertswarm.com,paid,2024,2,0.0,0
google,2840,en,19,19,covertswarm.com,paid,2024,1,0.0,0
google,2840,en,19,19,covertswarm.com,paid,2023,12,0.0,0
google,2840,en,19,19,covertswarm.com,paid,2023,11,0.0,0
google,2840,en,19,19,covertswarm.com,paid,2023,10,0.0,0
google,2840,en,19,19,covertswarm.com,paid,2023,9,0.0,0
google,2840,en,19,19,covertswarm.com,paid,2023,8,0.0,0
google,2840,en,19,19,covertswarm.com,paid,2023,7,0.0,0
google,2840,en,19,19,covertswarm.com,paid,2023,6,0.0,0
google,2840,en,19,19,covertswarm.com,paid,2023,5,0.0,0
google,2840,en,19,19,covertswarm.com,paid,2023,4,0.0,0
google,2840,en,19,19,covertswarm.com,paid,2023,3,0.0,0
google,2840,en,19,19,covertswarm.com,paid,2023,2,0.0,0
google,2840,en,19,19,covertswarm.com,paid,2023,1,0.0,0
google,2840,en,19,19,covertswarm.com,paid,2022,12,0.0,0
google,2840,en,19,19,offsec.com,organic,2024,12,75519.37212655134,11865
google,2840,en,19,19,offsec.com,organic,2024,11,74287.2957252711,11835
google,2840,en,19,19,offsec.com,organic,2024,10,66909.44925865717,10795
google,2840,en,19,19,offsec.com,organic,2024,9,66962.91872321069,10431
google,2840,en,19,19,offsec.com,organic,2024,8,66528.71260037273,9929
google,2840,en,19,19,offsec.com,organic,2024,7,63975.57989308424,10053
google,2840,en,19,19,offsec.com,organic,2024,6,63645.21087213047,9433
google,2840,en,19,19,offsec.com,organic,2024,5,49731.014382150024,8864
google,2840,en,19,19,offsec.com,organic,2024,4,42217.24933871068,8223
google,2840,en,19,19,offsec.com,organic,2024,3,51679.616175465286,7713
google,2840,en,19,19,offsec.com,organic,2024,2,49325.82602714747,7779
google,2840,en,19,19,offsec.com,organic,2024,1,49026.53693423793,8373
google,2840,en,19,19,offsec.com,organic,2023,12,51500.46990032308,9039
google,2840,en,19,19,offsec.com,organic,2023,11,60269.248072644696,9623
google,2840,en,19,19,offsec.com,organic,2023,10,52965.94709839858,9992
google,2840,en,19,19,offsec.com,organic,2023,9,48454.40803229995,9394
google,2840,en,19,19,offsec.com,organic,2023,8,31186.41101669334,6259
google,2840,en,19,19,offsec.com,organic,2023,7,31814.32873622887,6148
google,2840,en,19,19,offsec.com,organic,2023,6,42382.9062724337,7134
google,2840,en,19,19,offsec.com,organic,2023,5,35423.33259897493,5295
google,2840,en,19,19,offsec.com,organic,2023,4,26958.20402830653,3831
google,2840,en,19,19,offsec.com,organic,2023,3,10257.523713855073,1423
google,2840,en,19,19,offsec.com,organic,2023,2,1.931999959051609,3
google,2840,en,19,19,offsec.com,organic,2023,1,1.45865997672081,2
google,2840,en,19,19,offsec.com,organic,2022,12,1.5856599807739258,4
google,2840,en,19,19,offsec.com,paid,2024,12,338.43599939346313,10
google,2840,en,19,19,offsec.com,paid,2024,11,551.0250072479248,11
google,2840,en,19,19,offsec.com,paid,2024,10,4385.44796705246,16
google,2840,en,19,19,offsec.com,paid,2024,9,4579.550952196121,21
google,2840,en,19,19,offsec.com,paid,2024,8,1691.9029953479767,26
google,2840,en,19,19,offsec.com,paid,2024,7,1083.828018784523,36
google,2840,en,19,19,offsec.com,paid,2024,6,719.5380120873451,31
google,2840,en,19,19,offsec.com,paid,2024,5,869.1199977993965,42
google,2840,en,19,19,offsec.com,paid,2024,4,2490.540017604828,95
google,2840,en,19,19,offsec.com,paid,2024,3,678.9060100317001,74
google,2840,en,19,19,offsec.com,paid,2024,2,129.62000215053558,30
google,2840,en,19,19,offsec.com,paid,2024,1,68.25599956512451,8
google,2840,en,19,19,offsec.com,paid,2023,12,1247.8049948215485,15
google,2840,en,19,19,offsec.com,paid,2023,11,3553.5779917240143,42
google,2840,en,19,19,offsec.com,paid,2023,10,519.0299904346466,30
google,2840,en,19,19,offsec.com,paid,2023,9,3413.5110280513763,54
google,2840,en,19,19,offsec.com,paid,2023,8,536.0940043926239,30
google,2840,en,19,19,offsec.com,paid,2023,7,419.5730029344559,11
google,2840,en,19,19,offsec.com,paid,2023,6,89.5860013961792,5
google,2840,en,19,19,offsec.com,paid,2023,5,214.722003698349,8
google,2840,en,19,19,offsec.com,paid,2023,4,98.11800050735474,7
google,2840,en,19,19,offsec.com,paid,2023,3,86.03100061416626,9
google,2840,en,19,19,offsec.com,paid,2023,2,0.0,0
google,2840,en,19,19,offsec.com,paid,2023,1,0.0,0
google,2840,en,19,19,offsec.com,paid,2022,12,0.0,0
google,2840,en,19,19,raxis.com,organic,2024,12,1363.9653615970165,1006
google,2840,en,19,19,raxis.com,organic,2024,11,2206.23769585602,1108
google,2840,en,19,19,raxis.com,organic,2024,10,1993.685185873881,1155
google,2840,en,19,19,raxis.com,organic,2024,9,2105.293133566156,1119
google,2840,en,19,19,raxis.com,organic,2024,8,1058.3936817403883,840
google,2840,en,19,19,raxis.com,organic,2024,7,1120.760051349178,809
google,2840,en,19,19,raxis.com,organic,2024,6,1206.9135092590004,762
google,2840,en,19,19,raxis.com,organic,2024,5,1304.1443540789187,739
google,2840,en,19,19,raxis.com,organic,2024,4,1301.5328194331378,774
google,2840,en,19,19,raxis.com,organic,2024,3,1284.7299633026123,740
google,2840,en,19,19,raxis.com,organic,2024,2,1147.9722656533122,751
google,2840,en,19,19,raxis.com,organic,2024,1,1174.5304387360811,805
google,2840,en,19,19,raxis.com,organic,2023,12,1422.61769666709,838
google,2840,en,19,19,raxis.com,organic,2023,11,1764.4842993412167,924
google,2840,en,19,19,raxis.com,organic,2023,10,1608.469329893589,973
google,2840,en,19,19,raxis.com,organic,2023,9,2079.839658372104,1034
google,2840,en,19,19,raxis.com,organic,2023,8,830.9909228347242,866
google,2840,en,19,19,raxis.com,organic,2023,7,831.0860226061195,882
google,2840,en,19,19,raxis.com,organic,2023,6,903.7997013665736,840
google,2840,en,19,19,raxis.com,organic,2023,5,769.9349808711559,773
google,2840,en,19,19,raxis.com,organic,2023,4,922.6675712484866,888
google,2840,en,19,19,raxis.com,organic,2023,3,1079.3275691345334,996
google,2840,en,19,19,raxis.com,organic,2023,2,1161.8597260341048,1045
google,2840,en,19,19,raxis.com,organic,2023,1,1023.5865470282733,991
google,2840,en,19,19,raxis.com,organic,2022,12,2377.037137337029,1196
google,2840,en,19,19,raxis.com,paid,2024,12,0.0,0
google,2840,en,19,19,raxis.com,paid,2024,11,0.0,0
google,2840,en,19,19,raxis.com,paid,2024,10,0.0,0
google,2840,en,19,19,raxis.com,paid,2024,9,0.0,0
google,2840,en,19,19,raxis.com,paid,2024,8,0.0,0
google,2840,en,19,19,raxis.com,paid,2024,7,0.0,0
google,2840,en,19,19,raxis.com,paid,2024,6,0.0,0
google,2840,en,19,19,raxis.com,paid,2024,5,0.0,0
google,2840,en,19,19,raxis.com,paid,2024,4,0.0,0
google,2840,en,19,19,raxis.com,paid,2024,3,0.0,0
google,2840,en,19,19,raxis.com,paid,2024,2,0.0,0
google,2840,en,19,19,raxis.com,paid,2024,1,0.0,0
google,2840,en,19,19,raxis.com,paid,2023,12,0.0,0
google,2840,en,19,19,raxis.com,paid,2023,11,0.0,0
google,2840,en,19,19,raxis.com,paid,2023,10,0.0,0
google,2840,en,19,19,raxis.com,paid,2023,9,0.0,0
google,2840,en,19,19,raxis.com,paid,2023,8,0.0,0
google,2840,en,19,19,raxis.com,paid,2023,7,0.0,0
google,2840,en,19,19,raxis.com,paid,2023,6,0.0,0
google,2840,en,19,19,raxis.com,paid,2023,5,0.0,0
google,2840,en,19,19,raxis.com,paid,2023,4,0.0,0
google,2840,en,19,19,raxis.com,paid,2023,3,0.0,0
google,2840,en,19,19,raxis.com,paid,2023,2,0.0,0
google,2840,en,19,19,raxis.com,paid,2023,1,0.0,0
google,2840,en,19,19,raxis.com,paid,2022,12,0.0,0
google,2840,en,19,19,tekkis.com,organic,2024,12,86.42200089991093,27
google,2840,en,19,19,tekkis.com,organic,2024,11,86.29900091327727,26
google,2840,en,19,19,tekkis.com,organic,2024,10,83.64124086685479,27
google,2840,en,19,19,tekkis.com,organic,2024,9,83.87224085815251,27
google,2840,en,19,19,tekkis.com,organic,2024,8,84.43406088650227,23
google,2840,en,19,19,tekkis.com,organic,2024,7,84.47144085913897,22
google,2840,en,19,19,tekkis.com,organic,2024,6,88.72642089426517,39
google,2840,en,19,19,tekkis.com,organic,2024,5,81.5507600903511,48
google,2840,en,19,19,tekkis.com,organic,2024,4,82.6747601851821,45
google,2840,en,19,19,tekkis.com,organic,2024,3,78.30398011952639,39
google,2840,en,19,19,tekkis.com,organic,2024,2,71.06384015828371,40
google,2840,en,19,19,tekkis.com,organic,2024,1,74.19702010601759,40
google,2840,en,19,19,tekkis.com,organic,2023,12,78.28987988829613,35
google,2840,en,19,19,tekkis.com,organic,2023,11,73.24983996897936,28
google,2840,en,19,19,tekkis.com,organic,2023,10,90.27802074700594,33
google,2840,en,19,19,tekkis.com,organic,2023,9,86.65236078947783,25
google,2840,en,19,19,tekkis.com,organic,2023,8,19.80969975888729,24
google,2840,en,19,19,tekkis.com,organic,2023,7,17.235699757933617,15
google,2840,en,19,19,tekkis.com,organic,2023,6,17.56099981814623,10
google,2840,en,19,19,tekkis.com,organic,2023,5,17.052999828010798,11
google,2840,en,19,19,tekkis.com,organic,2023,4,18.06599986553192,8
google,2840,en,19,19,tekkis.com,organic,2023,3,18.989999890327454,14
google,2840,en,19,19,tekkis.com,organic,2023,2,15.199999809265137,1
google,2840,en,19,19,tekkis.com,organic,2023,1,15.199999809265137,1
google,2840,en,19,19,tekkis.com,organic,2022,12,15.304999805986881,2
google,2840,en,19,19,tekkis.com,paid,2024,12,0.0,0
google,2840,en,19,19,tekkis.com,paid,2024,11,0.0,0
google,2840,en,19,19,tekkis.com,paid,2024,10,0.0,0
google,2840,en,19,19,tekkis.com,paid,2024,9,0.0,0
google,2840,en,19,19,tekkis.com,paid,2024,8,0.0,0
google,2840,en,19,19,tekkis.com,paid,2024,7,0.0,0
google,2840,en,19,19,tekkis.com,paid,2024,6,0.0,0
google,2840,en,19,19,tekkis.com,paid,2024,5,0.0,0
google,2840,en,19,19,tekkis.com,paid,2024,4,0.0,0
google,2840,en,19,19,tekkis.com,paid,2024,3,0.0,0
google,2840,en,19,19,tekkis.com,paid,2024,2,0.0,0
google,2840,en,19,19,tekkis.com,paid,2024,1,0.0,0
google,2840,en,19,19,tekkis.com,paid,2023,12,0.0,0
google,2840,en,19,19,tekkis.com,paid,2023,11,0.0,0
google,2840,en,19,19,tekkis.com,paid,2023,10,0.0,0
google,2840,en,19,19,tekkis.com,paid,2023,9,0.0,0
google,2840,en,19,19,tekkis.com,paid,2023,8,0.0,0
google,2840,en,19,19,tekkis.com,paid,2023,7,0.0,0
google,2840,en,19,19,tekkis.com,paid,2023,6,0.0,0
google,2840,en,19,19,tekkis.com,paid,2023,5,0.0,0
google,2840,en,19,19,tekkis.com,paid,2023,4,0.0,0
google,2840,en,19,19,tekkis.com,paid,2023,3,0.0,0
google,2840,en,19,19,tekkis.com,paid,2023,2,0.0,0
google,2840,en,19,19,tekkis.com,paid,2023,1,0.0,0
google,2840,en,19,19,tekkis.com,paid,2022,12,0.0,0
